"state","year","quarter","total_insurance_transactions","total_insurance_amount"
"andaman-&-nicobar-islands",2020,2,"6","1360"
"andaman-&-nicobar-islands",2020,3,"41","15380"
"andaman-&-nicobar-islands",2020,4,"124","157975"
"andaman-&-nicobar-islands",2021,1,"225","244266"
"andaman-&-nicobar-islands",2021,2,"137","181504"
"andaman-&-nicobar-islands",2021,3,"230","305235"
"andaman-&-nicobar-islands",2021,4,"757","1056380"
"andaman-&-nicobar-islands",2022,1,"768","1131287"
"andaman-&-nicobar-islands",2022,2,"501","779740"
"andaman-&-nicobar-islands",2022,3,"643","902466"
"andaman-&-nicobar-islands",2022,4,"901","1441210"
"andaman-&-nicobar-islands",2023,1,"1004","1439198"
"andaman-&-nicobar-islands",2023,2,"768","1233395"
"andaman-&-nicobar-islands",2023,3,"795","1251145"
"andaman-&-nicobar-islands",2023,4,"1145","1757821"
"andaman-&-nicobar-islands",2024,1,"1371","1964556"
"andaman-&-nicobar-islands",2024,2,"1097","1744694"
"andaman-&-nicobar-islands",2024,3,"1191","1752800"
"andaman-&-nicobar-islands",2024,4,"1293","2026380"
"andhra-pradesh",2020,2,"22104","3982391"
"andhra-pradesh",2020,3,"49812","12426481"
"andhra-pradesh",2020,4,"21464","12985632"
"andhra-pradesh",2021,1,"22105","12749874"
"andhra-pradesh",2021,2,"33205","22730687"
"andhra-pradesh",2021,3,"23075","19914338"
"andhra-pradesh",2021,4,"25423","31610335"
"andhra-pradesh",2022,1,"29954","42648157"
"andhra-pradesh",2022,2,"32185","41708072"
"andhra-pradesh",2022,3,"39301","48791931"
"andhra-pradesh",2022,4,"44329","58043239"
"andhra-pradesh",2023,1,"34920","51963355"
"andhra-pradesh",2023,2,"36376","52067478"
"andhra-pradesh",2023,3,"43150","57802396"
"andhra-pradesh",2023,4,"41798","62342423"
"andhra-pradesh",2024,1,"46582","63563802"
"andhra-pradesh",2024,2,"42547","62948281"
"andhra-pradesh",2024,3,"48014","73915199"
"andhra-pradesh",2024,4,"61425","80028914"
"arunachal-pradesh",2020,2,"65","14329"
"arunachal-pradesh",2020,3,"135","39687"
"arunachal-pradesh",2020,4,"125","84247"
"arunachal-pradesh",2021,1,"194","131611"
"arunachal-pradesh",2021,2,"204","224928"
"arunachal-pradesh",2021,3,"212","371051"
"arunachal-pradesh",2021,4,"320","598459"
"arunachal-pradesh",2022,1,"355","894107"
"arunachal-pradesh",2022,2,"564","1360231"
"arunachal-pradesh",2022,3,"510","1300304"
"arunachal-pradesh",2022,4,"613","1464572"
"arunachal-pradesh",2023,1,"606","1747475"
"arunachal-pradesh",2023,2,"696","2095988"
"arunachal-pradesh",2023,3,"718","1904786"
"arunachal-pradesh",2023,4,"809","2105408"
"arunachal-pradesh",2024,1,"1100","2419700"
"arunachal-pradesh",2024,2,"1147","2353015"
"arunachal-pradesh",2024,3,"842","1951385"
"arunachal-pradesh",2024,4,"999","2359472"
"assam",2020,2,"978","210034"
"assam",2020,3,"2206","599450"
"assam",2020,4,"2413","1806801"
"assam",2021,1,"3167","2334419"
"assam",2021,2,"3265","3008122"
"assam",2021,3,"4495","6010865"
"assam",2021,4,"8622","13962068"
"assam",2022,1,"16230","27447766"
"assam",2022,2,"9228","15357811"
"assam",2022,3,"14149","22543564"
"assam",2022,4,"18826","29239168"
"assam",2023,1,"22100","36963888"
"assam",2023,2,"16475","28368139"
"assam",2023,3,"22593","35618158"
"assam",2023,4,"23168","38731734"
"assam",2024,1,"33097","48107248"
"assam",2024,2,"22368","34796603"
"assam",2024,3,"17633","31388971"
"assam",2024,4,"21805","35336229"
"bihar",2020,2,"2816","595621"
"bihar",2020,3,"9733","2161102"
"bihar",2020,4,"9913","7860932"
"bihar",2021,1,"12554","8796619"
"bihar",2021,2,"14301","13301581"
"bihar",2021,3,"18030","18234941"
"bihar",2021,4,"22456","27313813"
"bihar",2022,1,"20253","27755736"
"bihar",2022,2,"21892","28212833"
"bihar",2022,3,"28511","34704251"
"bihar",2022,4,"33895","43914519"
"bihar",2023,1,"26929","38746711"
"bihar",2023,2,"29212","40354886"
"bihar",2023,3,"36550","45832355"
"bihar",2023,4,"41447","57624322"
"bihar",2024,1,"51592","63844442"
"bihar",2024,2,"49101","65285065"
"bihar",2024,3,"44745","62777286"
"bihar",2024,4,"62662","83739800"
"chandigarh",2020,2,"149","29537"
"chandigarh",2020,3,"264","70969"
"chandigarh",2020,4,"200","153341"
"chandigarh",2021,1,"338","238576"
"chandigarh",2021,2,"378","310943"
"chandigarh",2021,3,"494","469634"
"chandigarh",2021,4,"710","835813"
"chandigarh",2022,1,"792","1150932"
"chandigarh",2022,2,"1330","1874959"
"chandigarh",2022,3,"1533","1998439"
"chandigarh",2022,4,"1403","2024528"
"chandigarh",2023,1,"1520","2415574"
"chandigarh",2023,2,"1704","2501107"
"chandigarh",2023,3,"1883","2660630"
"chandigarh",2023,4,"1767","3053934"
"chandigarh",2024,1,"1730","3143984"
"chandigarh",2024,2,"1798","3177315"
"chandigarh",2024,3,"1991","3445738"
"chandigarh",2024,4,"2095","3729932"
"chhattisgarh",2020,2,"1346","279005"
"chhattisgarh",2020,3,"4702","1393656"
"chhattisgarh",2020,4,"3757","2249901"
"chhattisgarh",2021,1,"4712","2620468"
"chhattisgarh",2021,2,"5055","3813417"
"chhattisgarh",2021,3,"4676","3568837"
"chhattisgarh",2021,4,"6029","8229039"
"chhattisgarh",2022,1,"6612","10139190"
"chhattisgarh",2022,2,"7008","10119964"
"chhattisgarh",2022,3,"8849","12119470"
"chhattisgarh",2022,4,"11994","18137856"
"chhattisgarh",2023,1,"10460","16577191"
"chhattisgarh",2023,2,"10514","16389610"
"chhattisgarh",2023,3,"11927","17838382"
"chhattisgarh",2023,4,"17300","29704673"
"chhattisgarh",2024,1,"19579","30083259"
"chhattisgarh",2024,2,"15724","25935743"
"chhattisgarh",2024,3,"16550","27724060"
"chhattisgarh",2024,4,"22723","37421165"
"dadra-&-nagar-haveli-&-daman-&-diu",2020,2,"651","101029"
"dadra-&-nagar-haveli-&-daman-&-diu",2020,3,"257","65504"
"dadra-&-nagar-haveli-&-daman-&-diu",2020,4,"232","149513"
"dadra-&-nagar-haveli-&-daman-&-diu",2021,1,"467","285691"
"dadra-&-nagar-haveli-&-daman-&-diu",2021,2,"368","275638"
"dadra-&-nagar-haveli-&-daman-&-diu",2021,3,"360","273596"
"dadra-&-nagar-haveli-&-daman-&-diu",2021,4,"421","425384"
"dadra-&-nagar-haveli-&-daman-&-diu",2022,1,"493","720741"
"dadra-&-nagar-haveli-&-daman-&-diu",2022,2,"438","686857"
"dadra-&-nagar-haveli-&-daman-&-diu",2022,3,"707","983776"
"dadra-&-nagar-haveli-&-daman-&-diu",2022,4,"871","1272628"
"dadra-&-nagar-haveli-&-daman-&-diu",2023,1,"799","1215168"
"dadra-&-nagar-haveli-&-daman-&-diu",2023,2,"694","1058753"
"dadra-&-nagar-haveli-&-daman-&-diu",2023,3,"969","1333103"
"dadra-&-nagar-haveli-&-daman-&-diu",2023,4,"1207","1973867"
"dadra-&-nagar-haveli-&-daman-&-diu",2024,1,"1295","1908509"
"dadra-&-nagar-haveli-&-daman-&-diu",2024,2,"1008","1367259"
"dadra-&-nagar-haveli-&-daman-&-diu",2024,3,"1052","1602869"
"dadra-&-nagar-haveli-&-daman-&-diu",2024,4,"1503","2292529"
"delhi",2020,2,"11716","1897480"
"delhi",2020,3,"7588","1927285"
"delhi",2020,4,"9725","8045442"
"delhi",2021,1,"12822","9655261"
"delhi",2021,2,"13292","10840929"
"delhi",2021,3,"16679","15007079"
"delhi",2021,4,"34251","36578331"
"delhi",2022,1,"28232","35442069"
"delhi",2022,2,"26378","31787281"
"delhi",2022,3,"35944","41570160"
"delhi",2022,4,"48908","60603173"
"delhi",2023,1,"45821","61040038"
"delhi",2023,2,"41358","54951108"
"delhi",2023,3,"47113","58878500"
"delhi",2023,4,"56336","77332401"
"delhi",2024,1,"53050","76232346"
"delhi",2024,2,"46189","68046072"
"delhi",2024,3,"49150","71139489"
"delhi",2024,4,"67962","94390728"
"goa",2020,2,"341","71100"
"goa",2020,3,"683","196864"
"goa",2020,4,"614","682364"
"goa",2021,1,"879","827384"
"goa",2021,2,"1016","1028339"
"goa",2021,3,"1214","1385986"
"goa",2021,4,"2087","2737316"
"goa",2022,1,"2634","3865245"
"goa",2022,2,"3524","5093510"
"goa",2022,3,"3157","4142108"
"goa",2022,4,"4388","6190669"
"goa",2023,1,"4097","5859549"
"goa",2023,2,"4166","5930801"
"goa",2023,3,"3927","5646054"
"goa",2023,4,"4883","7411001"
"goa",2024,1,"5225","7528093"
"goa",2024,2,"5021","7178558"
"goa",2024,3,"5354","8051690"
"goa",2024,4,"6662","9903374"
"gujarat",2020,2,"7697","1430591"
"gujarat",2020,3,"12525","3335812"
"gujarat",2020,4,"9990","6055037"
"gujarat",2021,1,"12673","7288104"
"gujarat",2021,2,"14676","10263998"
"gujarat",2021,3,"15348","12341903"
"gujarat",2021,4,"19142","23282921"
"gujarat",2022,1,"22221","29953433"
"gujarat",2022,2,"25381","32090965"
"gujarat",2022,3,"31302","37557227"
"gujarat",2022,4,"36418","50629325"
"gujarat",2023,1,"32600","46937694"
"gujarat",2023,2,"32484","46254095"
"gujarat",2023,3,"51049","65768085"
"gujarat",2023,4,"41128","66735446"
"gujarat",2024,1,"44665","62633910"
"gujarat",2024,2,"44007","63866463"
"gujarat",2024,3,"46763","70950327"
"gujarat",2024,4,"62526","91858105"
"haryana",2020,2,"6321","1179814"
"haryana",2020,3,"7139","1884868"
"haryana",2020,4,"8283","5974278"
"haryana",2021,1,"11038","7297880"
"haryana",2021,2,"12516","11272453"
"haryana",2021,3,"14163","13215898"
"haryana",2021,4,"19489","25885838"
"haryana",2022,1,"22783","32526943"
"haryana",2022,2,"25352","33759068"
"haryana",2022,3,"35346","45402800"
"haryana",2022,4,"37971","56627115"
"haryana",2023,1,"37287","61127194"
"haryana",2023,2,"40710","62186066"
"haryana",2023,3,"42815","61782311"
"haryana",2023,4,"47506","80747159"
"haryana",2024,1,"50391","81816509"
"haryana",2024,2,"46085","74779879"
"haryana",2024,3,"49735","79198642"
"haryana",2024,4,"58808","94316512"
"himachal-pradesh",2020,2,"392","77936"
"himachal-pradesh",2020,3,"531","165559"
"himachal-pradesh",2020,4,"710","630966"
"himachal-pradesh",2021,1,"1064","906492"
"himachal-pradesh",2021,2,"1210","1402338"
"himachal-pradesh",2021,3,"1759","2444545"
"himachal-pradesh",2021,4,"2474","4667661"
"himachal-pradesh",2022,1,"2768","5234739"
"himachal-pradesh",2022,2,"2831","5371078"
"himachal-pradesh",2022,3,"3641","6161692"
"himachal-pradesh",2022,4,"4565","9060436"
"himachal-pradesh",2023,1,"3909","7826133"
"himachal-pradesh",2023,2,"4197","8499425"
"himachal-pradesh",2023,3,"3935","7869767"
"himachal-pradesh",2023,4,"5211","11898824"
"himachal-pradesh",2024,1,"5430","10433254"
"himachal-pradesh",2024,2,"5194","10008705"
"himachal-pradesh",2024,3,"5272","10538999"
"himachal-pradesh",2024,4,"6697","14090523"
"jammu-&-kashmir",2020,2,"206","48484"
"jammu-&-kashmir",2020,3,"441","133339"
"jammu-&-kashmir",2020,4,"647","734861"
"jammu-&-kashmir",2021,1,"1105","1546288"
"jammu-&-kashmir",2021,2,"1197","1832089"
"jammu-&-kashmir",2021,3,"1452","2139133"
"jammu-&-kashmir",2021,4,"3113","5223317"
"jammu-&-kashmir",2022,1,"3584","7244267"
"jammu-&-kashmir",2022,2,"4071","7729792"
"jammu-&-kashmir",2022,3,"4794","8281826"
"jammu-&-kashmir",2022,4,"5031","10111183"
"jammu-&-kashmir",2023,1,"4555","10275877"
"jammu-&-kashmir",2023,2,"5262","10974839"
"jammu-&-kashmir",2023,3,"5453","10975874"
"jammu-&-kashmir",2023,4,"6264","13932309"
"jammu-&-kashmir",2024,1,"7313","14695182"
"jammu-&-kashmir",2024,2,"7397","14237707"
"jammu-&-kashmir",2024,3,"7597","15554635"
"jammu-&-kashmir",2024,4,"8893","18252110"
"jharkhand",2020,2,"2063","405031"
"jharkhand",2020,3,"5368","1349934"
"jharkhand",2020,4,"3659","2857024"
"jharkhand",2021,1,"4879","3274851"
"jharkhand",2021,2,"5180","5084230"
"jharkhand",2021,3,"6794","7046048"
"jharkhand",2021,4,"8465","11190423"
"jharkhand",2022,1,"9373","13819466"
"jharkhand",2022,2,"9477","13464840"
"jharkhand",2022,3,"14388","18156857"
"jharkhand",2022,4,"16779","23147805"
"jharkhand",2023,1,"16108","23823406"
"jharkhand",2023,2,"16662","23216215"
"jharkhand",2023,3,"19478","25165702"
"jharkhand",2023,4,"22398","33484644"
"jharkhand",2024,1,"24824","34332990"
"jharkhand",2024,2,"22224","32245129"
"jharkhand",2024,3,"23629","34353146"
"jharkhand",2024,4,"29079","42253614"
"karnataka",2020,2,"27358","4794150"
"karnataka",2020,3,"53701","12407394"
"karnataka",2020,4,"31747","26814968"
"karnataka",2021,1,"37595","30183325"
"karnataka",2021,2,"40969","39501006"
"karnataka",2021,3,"47468","48078366"
"karnataka",2021,4,"74436","90723288"
"karnataka",2022,1,"95640","130733580"
"karnataka",2022,2,"93385","123228632"
"karnataka",2022,3,"110273","144605784"
"karnataka",2022,4,"133971","185063287"
"karnataka",2023,1,"127376","186543426"
"karnataka",2023,2,"117232","175704013"
"karnataka",2023,3,"139699","199448538"
"karnataka",2023,4,"156076","248056311"
"karnataka",2024,1,"169357","264708700"
"karnataka",2024,2,"142599","239304982"
"karnataka",2024,3,"174990","287393291"
"karnataka",2024,4,"183532","305861806"
"kerala",2020,2,"1588","360216"
"kerala",2020,3,"8811","2830361"
"kerala",2020,4,"5479","4445525"
"kerala",2021,1,"5731","5040506"
"kerala",2021,2,"9530","9676588"
"kerala",2021,3,"10926","13255646"
"kerala",2021,4,"19199","31260319"
"kerala",2022,1,"37110","64172190"
"kerala",2022,2,"35667","59920203"
"kerala",2022,3,"54587","85390924"
"kerala",2022,4,"65563","103982997"
"kerala",2023,1,"62377","101786828"
"kerala",2023,2,"61032","100620604"
"kerala",2023,3,"66059","110021582"
"kerala",2023,4,"73543","121905046"
"kerala",2024,1,"73106","115101791"
"kerala",2024,2,"65271","108142369"
"kerala",2024,3,"79123","131721699"
"kerala",2024,4,"89533","144083113"
"ladakh",2020,2,"14","2538"
"ladakh",2020,3,"33","10260"
"ladakh",2020,4,"27","34206"
"ladakh",2021,1,"32","34530"
"ladakh",2021,2,"46","86251"
"ladakh",2021,3,"192","174052"
"ladakh",2021,4,"76","195966"
"ladakh",2022,1,"75","193935"
"ladakh",2022,2,"113","269446"
"ladakh",2022,3,"137","369742"
"ladakh",2022,4,"162","410091"
"ladakh",2023,1,"161","495736"
"ladakh",2023,2,"215","635831"
"ladakh",2023,3,"232","649027"
"ladakh",2023,4,"242","718967"
"ladakh",2024,1,"291","614435"
"ladakh",2024,2,"415","964349"
"ladakh",2024,3,"446","978637"
"ladakh",2024,4,"429","970334"
"lakshadweep",2020,3,"4","1199"
"lakshadweep",2021,1,"4","5225"
"lakshadweep",2021,2,"5","6962"
"lakshadweep",2021,3,"19","16034"
"lakshadweep",2021,4,"11","17096"
"lakshadweep",2022,1,"27","34664"
"lakshadweep",2022,2,"18","27463"
"lakshadweep",2022,3,"38","41504"
"lakshadweep",2022,4,"15","27135"
"lakshadweep",2023,1,"26","30199"
"lakshadweep",2023,2,"15","38384"
"lakshadweep",2023,3,"12","12407"
"lakshadweep",2023,4,"53","78346"
"lakshadweep",2024,1,"15","12935"
"lakshadweep",2024,2,"26","33630"
"lakshadweep",2024,3,"49","55312"
"lakshadweep",2024,4,"159","185542"
"madhya-pradesh",2020,2,"6283","1198701"
"madhya-pradesh",2020,3,"14476","3496126"
"madhya-pradesh",2020,4,"10653","4897124"
"madhya-pradesh",2021,1,"14427","5567927"
"madhya-pradesh",2021,2,"14803","9787391"
"madhya-pradesh",2021,3,"11990","7806258"
"madhya-pradesh",2021,4,"15069","17524432"
"madhya-pradesh",2022,1,"13791","19901462"
"madhya-pradesh",2022,2,"14629","20159098"
"madhya-pradesh",2022,3,"22733","29185118"
"madhya-pradesh",2022,4,"29234","42712883"
"madhya-pradesh",2023,1,"26393","45135679"
"madhya-pradesh",2023,2,"27027","44871764"
"madhya-pradesh",2023,3,"29300","46963348"
"madhya-pradesh",2023,4,"40784","73801070"
"madhya-pradesh",2024,1,"51223","85215982"
"madhya-pradesh",2024,2,"41429","73836667"
"madhya-pradesh",2024,3,"43248","77995668"
"madhya-pradesh",2024,4,"59688","101096769"
"maharashtra",2020,2,"39836","6879717"
"maharashtra",2020,3,"71662","19230156"
"maharashtra",2020,4,"44798","27113814"
"maharashtra",2021,1,"55792","33137753"
"maharashtra",2021,2,"70381","46763103"
"maharashtra",2021,3,"52268","41313307"
"maharashtra",2021,4,"82423","93262227"
"maharashtra",2022,1,"88015","117411928"
"maharashtra",2022,2,"80935","104603934"
"maharashtra",2022,3,"90958","113835208"
"maharashtra",2022,4,"125900","174915648"
"maharashtra",2023,1,"112174","166596248"
"maharashtra",2023,2,"102754","157303399"
"maharashtra",2023,3,"104872","151171882"
"maharashtra",2023,4,"136968","217657114"
"maharashtra",2024,1,"149016","224725389"
"maharashtra",2024,2,"118933","198945046"
"maharashtra",2024,3,"119776","201319952"
"maharashtra",2024,4,"168078","266942711"
"manipur",2020,2,"55","12554"
"manipur",2020,3,"134","45164"
"manipur",2020,4,"90","49057"
"manipur",2021,1,"136","72254"
"manipur",2021,2,"127","81332"
"manipur",2021,3,"111","133016"
"manipur",2021,4,"145","271789"
"manipur",2022,1,"177","517854"
"manipur",2022,2,"218","553649"
"manipur",2022,3,"200","403213"
"manipur",2022,4,"271","620655"
"manipur",2023,1,"222","632084"
"manipur",2023,2,"123","341671"
"manipur",2023,3,"76","193021"
"manipur",2023,4,"225","476626"
"manipur",2024,1,"385","685052"
"manipur",2024,2,"346","647411"
"manipur",2024,3,"285","587893"
"manipur",2024,4,"405","826159"
"meghalaya",2020,2,"41","8829"
"meghalaya",2020,3,"112","33615"
"meghalaya",2020,4,"92","71029"
"meghalaya",2021,1,"107","128776"
"meghalaya",2021,2,"139","148434"
"meghalaya",2021,3,"139","214554"
"meghalaya",2021,4,"263","451612"
"meghalaya",2022,1,"337","729211"
"meghalaya",2022,2,"379","789094"
"meghalaya",2022,3,"600","1039491"
"meghalaya",2022,4,"627","1189529"
"meghalaya",2023,1,"562","1187523"
"meghalaya",2023,2,"730","1551577"
"meghalaya",2023,3,"809","1728076"
"meghalaya",2023,4,"806","1843364"
"meghalaya",2024,1,"1030","1987107"
"meghalaya",2024,2,"1235","2318007"
"meghalaya",2024,3,"1140","2443878"
"meghalaya",2024,4,"1313","2493656"
"mizoram",2020,2,"31","7322"
"mizoram",2020,3,"74","24691"
"mizoram",2020,4,"81","119124"
"mizoram",2021,1,"415","302841"
"mizoram",2021,2,"187","124805"
"mizoram",2021,3,"81","83641"
"mizoram",2021,4,"100","175847"
"mizoram",2022,1,"85","189428"
"mizoram",2022,2,"76","115090"
"mizoram",2022,3,"310","471306"
"mizoram",2022,4,"350","612551"
"mizoram",2023,1,"171","326688"
"mizoram",2023,2,"119","232928"
"mizoram",2023,3,"166","271799"
"mizoram",2023,4,"312","557950"
"mizoram",2024,1,"277","427693"
"mizoram",2024,2,"214","331455"
"mizoram",2024,3,"186","275746"
"mizoram",2024,4,"489","811687"
"nagaland",2020,2,"41","9791"
"nagaland",2020,3,"89","20798"
"nagaland",2020,4,"62","38836"
"nagaland",2021,1,"79","42973"
"nagaland",2021,2,"85","139479"
"nagaland",2021,3,"91","123643"
"nagaland",2021,4,"183","341424"
"nagaland",2022,1,"242","529223"
"nagaland",2022,2,"186","380878"
"nagaland",2022,3,"210","439669"
"nagaland",2022,4,"367","700864"
"nagaland",2023,1,"320","704957"
"nagaland",2023,2,"269","628890"
"nagaland",2023,3,"268","632287"
"nagaland",2023,4,"331","822973"
"nagaland",2024,1,"526","925684"
"nagaland",2024,2,"418","685292"
"nagaland",2024,3,"410","820539"
"nagaland",2024,4,"568","1168417"
"odisha",2020,2,"2981","615193"
"odisha",2020,3,"10955","2640191"
"odisha",2020,4,"7526","4208701"
"odisha",2021,1,"8236","4383330"
"odisha",2021,2,"7942","5832924"
"odisha",2021,3,"7967","6008686"
"odisha",2021,4,"9093","10941626"
"odisha",2022,1,"9627","14539309"
"odisha",2022,2,"12371","16631095"
"odisha",2022,3,"18898","23308531"
"odisha",2022,4,"24538","33565401"
"odisha",2023,1,"18899","29360555"
"odisha",2023,2,"22163","31307110"
"odisha",2023,3,"20263","29008350"
"odisha",2023,4,"25065","39753392"
"odisha",2024,1,"27977","40032495"
"odisha",2024,2,"24579","36840474"
"odisha",2024,3,"26524","40608651"
"odisha",2024,4,"33165","46973224"
"puducherry",2020,2,"112","22251"
"puducherry",2020,3,"191","58399"
"puducherry",2020,4,"234","197955"
"puducherry",2021,1,"372","351827"
"puducherry",2021,2,"526","508277"
"puducherry",2021,3,"561","556442"
"puducherry",2021,4,"786","946607"
"puducherry",2022,1,"1199","1663404"
"puducherry",2022,2,"1156","1597786"
"puducherry",2022,3,"1585","2025529"
"puducherry",2022,4,"2331","2693130"
"puducherry",2023,1,"1955","2593091"
"puducherry",2023,2,"1809","2614006"
"puducherry",2023,3,"2232","2891647"
"puducherry",2023,4,"2447","3419395"
"puducherry",2024,1,"2702","3793554"
"puducherry",2024,2,"2304","3322997"
"puducherry",2024,3,"2600","3968523"
"puducherry",2024,4,"2838","3896033"
"punjab",2020,2,"2036","399452"
"punjab",2020,3,"2488","684753"
"punjab",2020,4,"2451","1884291"
"punjab",2021,1,"3783","2558380"
"punjab",2021,2,"4047","3768919"
"punjab",2021,3,"4887","5271559"
"punjab",2021,4,"6638","9912828"
"punjab",2022,1,"7475","13155682"
"punjab",2022,2,"9175","15465367"
"punjab",2022,3,"12370","19381895"
"punjab",2022,4,"12187","21727831"
"punjab",2023,1,"10816","23330966"
"punjab",2023,2,"13187","24998175"
"punjab",2023,3,"14048","24461488"
"punjab",2023,4,"13777","28715828"
"punjab",2024,1,"14729","28213940"
"punjab",2024,2,"14129","27164397"
"punjab",2024,3,"15509","30111034"
"punjab",2024,4,"16279","31878987"
"rajasthan",2020,2,"5373","1095933"
"rajasthan",2020,3,"15235","3758527"
"rajasthan",2020,4,"12509","6471573"
"rajasthan",2021,1,"17800","8074225"
"rajasthan",2021,2,"18281","14357445"
"rajasthan",2021,3,"16643","12793862"
"rajasthan",2021,4,"19375","24455262"
"rajasthan",2022,1,"21517","31576932"
"rajasthan",2022,2,"24333","33748931"
"rajasthan",2022,3,"33975","45565544"
"rajasthan",2022,4,"40926","60792838"
"rajasthan",2023,1,"34415","61441050"
"rajasthan",2023,2,"37170","61301449"
"rajasthan",2023,3,"39960","64328784"
"rajasthan",2023,4,"49741","94701652"
"rajasthan",2024,1,"59127","102926410"
"rajasthan",2024,2,"55241","95504657"
"rajasthan",2024,3,"64533","108827800"
"rajasthan",2024,4,"73530","127930986"
"sikkim",2020,2,"21","4789"
"sikkim",2020,3,"94","28000"
"sikkim",2020,4,"67","70214"
"sikkim",2021,1,"122","111777"
"sikkim",2021,2,"93","122064"
"sikkim",2021,3,"106","140552"
"sikkim",2021,4,"195","503532"
"sikkim",2022,1,"239","685987"
"sikkim",2022,2,"160","383709"
"sikkim",2022,3,"243","474940"
"sikkim",2022,4,"306","667214"
"sikkim",2023,1,"260","688605"
"sikkim",2023,2,"270","628191"
"sikkim",2023,3,"251","698251"
"sikkim",2023,4,"324","793745"
"sikkim",2024,1,"400","880182"
"sikkim",2024,2,"685","1590554"
"sikkim",2024,3,"461","1029398"
"sikkim",2024,4,"599","1381680"
"tamil-nadu",2020,2,"5473","1075552"
"tamil-nadu",2020,3,"8026","2257373"
"tamil-nadu",2020,4,"10290","8993575"
"tamil-nadu",2021,1,"14406","11180849"
"tamil-nadu",2021,2,"17682","16444344"
"tamil-nadu",2021,3,"23107","23402918"
"tamil-nadu",2021,4,"33037","42184290"
"tamil-nadu",2022,1,"47621","64969045"
"tamil-nadu",2022,2,"46714","61835120"
"tamil-nadu",2022,3,"64356","79747520"
"tamil-nadu",2022,4,"125491","146457790"
"tamil-nadu",2023,1,"90690","116710222"
"tamil-nadu",2023,2,"79698","105328191"
"tamil-nadu",2023,3,"91069","114625593"
"tamil-nadu",2023,4,"104871","139433796"
"tamil-nadu",2024,1,"111521","148976175"
"tamil-nadu",2024,2,"97348","135972378"
"tamil-nadu",2024,3,"116867","162128271"
"tamil-nadu",2024,4,"127002","173784251"
"telangana",2020,2,"19003","3419453"
"telangana",2020,3,"34395","8406543"
"telangana",2020,4,"20961","11339099"
"telangana",2021,1,"28298","14810947"
"telangana",2021,2,"28870","20935651"
"telangana",2021,3,"27080","20925217"
"telangana",2021,4,"34848","38845492"
"telangana",2022,1,"36325","51942016"
"telangana",2022,2,"45600","58056956"
"telangana",2022,3,"51465","64798126"
"telangana",2022,4,"64655","88544127"
"telangana",2023,1,"54508","82678207"
"telangana",2023,2,"55118","79238968"
"telangana",2023,3,"61523","84397465"
"telangana",2023,4,"63993","105605522"
"telangana",2024,1,"67388","105607539"
"telangana",2024,2,"56941","96037304"
"telangana",2024,3,"64873","110715264"
"telangana",2024,4,"78498","124755619"
"tripura",2020,2,"88","22054"
"tripura",2020,3,"249","61642"
"tripura",2020,4,"244","149765"
"tripura",2021,1,"360","191531"
"tripura",2021,2,"381","409934"
"tripura",2021,3,"494","649961"
"tripura",2021,4,"702","1022508"
"tripura",2022,1,"907","1493401"
"tripura",2022,2,"1021","1509105"
"tripura",2022,3,"1590","2105984"
"tripura",2022,4,"1508","2112534"
"tripura",2023,1,"1642","2404958"
"tripura",2023,2,"1563","2163813"
"tripura",2023,3,"2071","2899393"
"tripura",2023,4,"2237","3169741"
"tripura",2024,1,"2637","3417568"
"tripura",2024,2,"2188","2869489"
"tripura",2024,3,"2516","3323343"
"tripura",2024,4,"2794","3765732"
"uttar-pradesh",2020,2,"9884","1912266"
"uttar-pradesh",2020,3,"18131","4436969"
"uttar-pradesh",2020,4,"17470","14180417"
"uttar-pradesh",2021,1,"24103","18027573"
"uttar-pradesh",2021,2,"25952","25137571"
"uttar-pradesh",2021,3,"32799","32641118"
"uttar-pradesh",2021,4,"44132","59654951"
"uttar-pradesh",2022,1,"45996","73014969"
"uttar-pradesh",2022,2,"55133","77434953"
"uttar-pradesh",2022,3,"64514","87703512"
"uttar-pradesh",2022,4,"77022","116755813"
"uttar-pradesh",2023,1,"73080","127110494"
"uttar-pradesh",2023,2,"74194","122522457"
"uttar-pradesh",2023,3,"78940","121483170"
"uttar-pradesh",2023,4,"92125","165509877"
"uttar-pradesh",2024,1,"103701","176442664"
"uttar-pradesh",2024,2,"92458","159894258"
"uttar-pradesh",2024,3,"92930","157303596"
"uttar-pradesh",2024,4,"116589","199179867"
"uttarakhand",2020,2,"660","134899"
"uttarakhand",2020,3,"1403","418543"
"uttarakhand",2020,4,"1756","1961891"
"uttarakhand",2021,1,"2607","2719327"
"uttarakhand",2021,2,"2742","3265717"
"uttarakhand",2021,3,"4111","4646571"
"uttarakhand",2021,4,"5529","7849020"
"uttarakhand",2022,1,"5339","8824948"
"uttarakhand",2022,2,"5773","9168313"
"uttarakhand",2022,3,"6784","10070172"
"uttarakhand",2022,4,"8750","13817747"
"uttarakhand",2023,1,"7552","13599026"
"uttarakhand",2023,2,"8051","14034915"
"uttarakhand",2023,3,"7856","12636749"
"uttarakhand",2023,4,"10040","19045152"
"uttarakhand",2024,1,"11533","19531483"
"uttarakhand",2024,2,"10311","17754447"
"uttarakhand",2024,3,"10487","17860144"
"uttarakhand",2024,4,"13090","23367549"
"west-bengal",2020,2,"7619","1432764"
"west-bengal",2020,3,"12596","2878482"
"west-bengal",2020,4,"10233","7510455"
"west-bengal",2021,1,"15488","11172042"
"west-bengal",2021,2,"15200","12396029"
"west-bengal",2021,3,"24839","21424337"
"west-bengal",2021,4,"26320","31282871"
"west-bengal",2022,1,"38779","51160527"
"west-bengal",2022,2,"33542","41737021"
"west-bengal",2022,3,"47853","59092307"
"west-bengal",2022,4,"54277","70466433"
"west-bengal",2023,1,"56833","77461732"
"west-bengal",2023,2,"49792","65204280"
"west-bengal",2023,3,"58131","76359312"
"west-bengal",2023,4,"72712","100365562"
"west-bengal",2024,1,"79576","104987909"
"west-bengal",2024,2,"67048","89476633"
"west-bengal",2024,3,"77158","107451766"
"west-bengal",2024,4,"91719","120602777"
